anio,nombre_institucion,monto
2000-12,"Abn Amro Bank (Mexico), S.A.",2.61
2000-12,"American Express Bank (México), S.A.",1.44
2000-12,"Banca Afirme, S.A.",7.03
2000-12,"Banca Cremi, S.A.",141.42
2000-12,"Banca Mifel, S.A.",13.05
2000-12,"Banca Promex, S.A.",98.82
2000-12,"Banca Quadrum, S.A.",11.34
2000-12,"Banca Serfin, S.A.",489.92
2000-12,"Banco Anahuac, S.A.",2.92
2000-12,"Banco Bilbao Vizcaya-Mexico, S.A.",296.44
2000-12,"Banco Capital, S.A.",1.13
2000-12,"Banco de Oriente, S.A.",42.19
2000-12,"Banco del Atlantico, S.A.",224.96
2000-12,"Banco del Bajío, S.A.",9.97
2000-12,"Banco del Centro, S.A.",70.35
2000-12,"Banco del Sureste, S.A.",4.92
2000-12,"Banco Inbursa, S.A.",84.69
2000-12,"Banco Industrial, S.A.",14.64
2000-12,"Banco Interestatal, S.A.",22.25
2000-12,"Banco Internacional, S.A.",325.91
2000-12,"Banco Inverlat, S.A.",238.89
2000-12,"Banco Invex, S.A.",6.44
2000-12,"Banco J.P. Morgan, S.A.",8.87
2000-12,"Banco Mercantil del Norte, S.A.",284.26
2000-12,"Banco Nacional de México, S.A.",942.63
2000-12,"Banco Obrero, S.A.",34.21
2000-12,"Banco Promotor del Norte, S.A.",0.87
2000-12,"Banco Regional, S.A.",7.24
2000-12,"Banco Santander Mexicano, S.A.",258.46
2000-12,"Banco Union, S.A.",232.58
2000-12,"Bancrecer, S.A.",459.71
2000-12,"Bank Of America México, S.A.",4.97
2000-12,"Bank Of Tokyo-Mitsubishi (Mexico), S.A.",3.93
2000-12,"Bank One (Mexico), S.A.",0.33
2000-12,"Bankboston, S.A.",8.77
2000-12,"Bansí, S.A.",3.55
2000-12,"Bbva Bancomer, S.A.",989.23
2000-12,"Bnp (Mexico), S.A.",3.84
2000-12,"Chase Manhattan Bank Mexico, S.A.",2.3
2000-12,"Citibank Mexico, S.A.",198.68
2000-12,"Comerica Bank Mexico, S.A.",8.12
2000-12,"Deutsche Bank México, S.A.",0.45
2000-12,"Dresdner Bank Mexico, S.A.",10.39
2000-12,"Ge Capital Bank, S.A.",2.34
2000-12,"Hsbc México, S.A.",9.13
2000-12,"Ing Bank (Mexico), S.A.",5.3
2000-12,"Ixe Banco, S.A.",8.65
2000-12,"Societe Generale Mexico, S.A.",0.14
2001-12,"Abn Amro Bank (Mexico), S.A.",0.7
2001-12,"American Express Bank (México), S.A.",2.49
2001-12,"Banca Afirme, S.A.",10.17
2001-12,"Banca Cremi, S.A.",74.48
2001-12,"Banca Mifel, S.A.",14.03
2001-12,"Banca Quadrum, S.A.",12.09
2001-12,"Banca Serfin, S.A.",401.49
2001-12,"Banco Anahuac, S.A.",3.36
2001-12,"Banco Bilbao Vizcaya-Mexico, S.A.",0.0
2001-12,"Banco Capital, S.A.",0.73
2001-12,"Banco de Oriente, S.A.",35.32
2001-12,"Banco del Atlantico, S.A.",242.66
2001-12,"Banco del Bajío, S.A.",14.41
2001-12,"Banco del Centro, S.A.",7.89
2001-12,"Banco del Sureste, S.A.",5.68
2001-12,"Banco Inbursa, S.A.",84.92
2001-12,"Banco Industrial, S.A.",16.7
2001-12,"Banco Interestatal, S.A.",18.37
2001-12,"Banco Internacional, S.A.",329.44
2001-12,"Banco Inverlat, S.A.",237.68
2001-12,"Banco Invex, S.A.",9.89
2001-12,"Banco J.P. Morgan, S.A.",12.35
2001-12,"Banco Mercantil del Norte, S.A.",362.83
2001-12,"Banco Nacional de México, S.A.",1021.28
2001-12,"Banco Obrero, S.A.",27.77
2001-12,"Banco Promotor del Norte, S.A.",0.72
2001-12,"Banco Regional, S.A.",9.68
2001-12,"Banco Santander Mexicano, S.A.",322.6
2001-12,"Banco Union, S.A.",162.02
2001-12,"Bancrecer, S.A.",275.45
2001-12,"Bank Of America México, S.A.",18.5
2001-12,"Bank Of Tokyo-Mitsubishi (Mexico), S.A.",4.41
2001-12,"Bank One (Mexico), S.A.",0.62
2001-12,"Bankboston, S.A.",36.27
2001-12,"Bansí, S.A.",3.97
2001-12,"Bbva Bancomer, S.A.",1353.36
2001-12,"Bnp (Mexico), S.A.",0.01
2001-12,"Chase Manhattan Bank Mexico, S.A.",3.93
2001-12,"Citibank Mexico, S.A.",212.7
2001-12,"Comerica Bank Mexico, S.A.",9.21
2001-12,"Deutsche Bank México, S.A.",2.98
2001-12,"Dresdner Bank Mexico, S.A.",15.15
2001-12,"Ge Capital Bank, S.A.",4.45
2001-12,"Hsbc México, S.A.",9.44
2001-12,"Ing Bank (Mexico), S.A.",8.0
2001-12,"Ixe Banco, S.A.",9.76
2002-12,"Abn Amro Bank (Mexico), S.A.",0.58
2002-12,"American Express Bank (México), S.A.",3.03
2002-12,"Banca Afirme, S.A.",11.8
2002-12,"Banca Mifel, S.A.",14.48
2002-12,"Banca Quadrum, S.A.",1.93
2002-12,"Banca Serfin, S.A.",374.52
2002-12,"Banco Anahuac, S.A.",1.8
2002-12,"Banco Azteca, S.A.",0.5
2002-12,"Banco Bilbao Vizcaya-Mexico, S.A.",0.0
2002-12,"Banco Credit Suisse First Boston (Mexico), S.A.",0.14
2002-12,"Banco del Atlantico, S.A.",191.27
2002-12,"Banco del Bajío, S.A.",20.67
2002-12,"Banco del Centro, S.A.",8.78
2002-12,"Banco del Sureste, S.A.",6.37
2002-12,"Banco Inbursa, S.A.",100.98
2002-12,"Banco Industrial, S.A.",12.41
2002-12,"Banco Internacional, S.A.",402.87
2002-12,"Banco Inverlat, S.A.",276.52
2002-12,"Banco Invex, S.A.",16.66
2002-12,"Banco J.P. Morgan, S.A.",9.11
2002-12,"Banco Mercantil del Norte, S.A.",605.67
2002-12,"Banco Nacional de México, S.A.",1104.06
2002-12,"Banco Regional, S.A.",10.17
2002-12,"Banco Santander Mexicano, S.A.",355.11
2002-12,"Bancrecer, S.A.",43.19
2002-12,"Bank Of America México, S.A.",8.92
2002-12,"Bank Of Tokyo-Mitsubishi (Mexico), S.A.",6.3
2002-12,"Bank One (Mexico), S.A.",0.55
2002-12,"Bankboston, S.A.",16.05
2002-12,"Bansí, S.A.",3.06
2002-12,"Bbva Bancomer, S.A.",1354.19
2002-12,"Comerica Bank Mexico, S.A.",9.94
2002-12,"Deutsche Bank México, S.A.",4.01
2002-12,"Dresdner Bank Mexico, S.A.",4.34
2002-12,"Ge Capital Bank, S.A.",8.01
2002-12,"Hsbc México, S.A.",5.74
2002-12,"Ing Bank (Mexico), S.A.",11.25
2002-12,"Ixe Banco, S.A.",12.64
2003-12,"Abn Amro Bank (Mexico), S.A.",0.86
2003-12,"American Express Bank (México), S.A.",5.39
2003-12,"Banca Afirme, S.A.",18.02
2003-12,"Banca Mifel, S.A.",13.18
2003-12,"Banca Serfin, S.A.",322.05
2003-12,"Banco Azteca, S.A.",20.67
2003-12,"Banco Credit Suisse First Boston (Mexico), S.A.",3.17
2003-12,"Banco del Bajío, S.A.",28.98
2003-12,"Banco del Centro, S.A.",4.97
2003-12,"Banco Inbursa, S.A.",141.2
2003-12,"Banco Internacional, S.A.",578.0
2003-12,"Banco Inverlat, S.A.",294.72
2003-12,"Banco Invex, S.A.",16.31
2003-12,"Banco J.P. Morgan, S.A.",1.91
2003-12,"Banco Mercantil del Norte, S.A.",729.64
2003-12,"Banco Nacional de México, S.A.",1120.86
2003-12,"Banco Regional, S.A.",13.82
2003-12,"Banco Santander Mexicano, S.A.",364.44
2003-12,"Banco Ve Por Más, S.A.",0.0
2003-12,"Bank Of America México, S.A.",7.41
2003-12,"Bank Of Tokyo-Mitsubishi (Mexico), S.A.",6.97
2003-12,"Bank One (Mexico), S.A.",0.83
2003-12,"Bankboston, S.A.",12.84
2003-12,"Bansí, S.A.",4.73
2003-12,"Bbva Bancomer, S.A.",1506.83
2003-12,"Comerica Bank Mexico, S.A.",10.84
2003-12,"Deutsche Bank México, S.A.",0.47
2003-12,"Dresdner Bank Mexico, S.A.",0.21
2003-12,"Ge Capital Bank, S.A.",14.75
2003-12,"Hsbc México, S.A.",0.72
2003-12,"Ing Bank (Mexico), S.A.",19.05
2003-12,"Ixe Banco, S.A.",13.14
2004-12,"Abn Amro Bank (Mexico), S.A.",1.38
2004-12,"American Express Bank (México), S.A.",12.0
2004-12,"Banca Afirme, S.A.",27.28
2004-12,"Banca Mifel, S.A.",14.14
2004-12,"Banca Serfin, S.A.",413.23
2004-12,"Banco Azteca, S.A.",56.09
2004-12,"Banco Credit Suisse First Boston (Mexico), S.A.",1.03
2004-12,"Banco del Bajío, S.A.",49.05
2004-12,"Banco del Centro, S.A.",4.02
2004-12,"Banco Inbursa, S.A.",174.73
2004-12,"Banco Internacional, S.A.",420.42
2004-12,"Banco Inverlat, S.A.",309.64
2004-12,"Banco Invex, S.A.",16.05
2004-12,"Banco J.P. Morgan, S.A.",0.56
2004-12,"Banco Mercantil del Norte, S.A.",753.86
2004-12,"Banco Nacional de México, S.A.",1207.59
2004-12,"Banco Regional, S.A.",15.28
2004-12,"Banco Santander Mexicano, S.A.",420.37
2004-12,"Banco Ve Por Más, S.A.",1.86
2004-12,"Bank Of America México, S.A.",7.6
2004-12,"Bank Of Tokyo-Mitsubishi (Mexico), S.A.",8.32
2004-12,"Bank One (Mexico), S.A.",0.88
2004-12,"Bankboston, S.A.",9.77
2004-12,"Bansí, S.A.",5.41
2004-12,"Bbva Bancomer, S.A.",1615.22
2004-12,"Comerica Bank Mexico, S.A.",13.33
2004-12,"Deutsche Bank México, S.A.",0.68
2004-12,"Ge Capital Bank, S.A.",19.19
2004-12,"Hsbc México, S.A.",228.86
2004-12,"Ing Bank (Mexico), S.A.",24.93
2004-12,"Ixe Banco, S.A.",19.04
2005-12,"Abn Amro Bank (Mexico), S.A.",3.87
2005-12,"American Express Bank (México), S.A.",17.51
2005-12,"Banca Afirme, S.A.",30.51
2005-12,"Banca Mifel, S.A.",15.31
2005-12,"Banco Azteca, S.A.",97.38
2005-12,"Banco Credit Suisse First Boston (Mexico), S.A.",0.17
2005-12,"Banco del Bajío, S.A.",97.36
2005-12,"Banco del Centro, S.A.",1.72
2005-12,"Banco Inbursa, S.A.",210.34
2005-12,"Banco Inverlat, S.A.",367.28
2005-12,"Banco Invex, S.A.",18.3
2005-12,"Banco J.P. Morgan, S.A.",3.5
2005-12,"Banco Mercantil del Norte, S.A.",616.55
2005-12,"Banco Nacional de México, S.A.",1231.33
2005-12,"Banco Regional, S.A.",18.9
2005-12,"Banco Santander Serfin, S.A.",1048.87
2005-12,"Banco Ve Por Más, S.A.",8.09
2005-12,"Bank Of America México, S.A.",14.27
2005-12,"Bank Of Tokyo-Mitsubishi (Mexico), S.A.",8.14
2005-12,"Bansí, S.A.",7.93
2005-12,"Bbva Bancomer, S.A.",1748.11
2005-12,"Comerica Bank Mexico, S.A.",13.59
2005-12,"Deutsche Bank México, S.A.",0.22
2005-12,"Ge Capital Bank, S.A.",19.22
2005-12,"Hsbc México, S.A.",762.07
2005-12,"Ing Bank (Mexico), S.A.",19.57
2005-12,"Ixe Banco, S.A.",24.93
2006-12,"Abn Amro Bank (Mexico), S.A.",5.19
2006-12,"American Express Bank (México), S.A.",22.65
2006-12,"Banca Afirme, S.A.",38.01
2006-12,"Banca Mifel, S.A.",22.53
2006-12,"Banco Azteca, S.A.",135.14
2006-12,"Banco Compartamos, S.A.",4.03
2006-12,"Banco Credit Suisse (México), S.A.",0.63
2006-12,"Banco del Bajío, S.A.",106.02
2006-12,"Banco del Centro, S.A.",5.33
2006-12,"Banco Inbursa, S.A.",194.84
2006-12,"Banco Inverlat, S.A.",416.97
2006-12,"Banco Invex, S.A.",17.59
2006-12,"Banco J.P. Morgan, S.A.",0.86
2006-12,"Banco Mercantil del Norte, S.A.",671.18
2006-12,"Banco Monex, S.A.",0.88
2006-12,"Banco Nacional de México, S.A.",1266.49
2006-12,"Banco Regional, S.A.",24.58
2006-12,"Banco Santander, S.A.",1014.74
2006-12,"Banco Ve Por Más, S.A.",13.84
2006-12,"Bank Of America México, S.A.",9.17
2006-12,"Bank Of Tokyo-Mitsubishi Ufj (México), S.A.",6.95
2006-12,"Bansí, S.A.",10.25
2006-12,"Barclays Bank México, S.A.",0.02
2006-12,"Bbva Bancomer, S.A.",1739.37
2006-12,"Deutsche Bank México, S.A.",0.64
2006-12,"Ge Capital Bank, S.A.",22.92
2006-12,"Hsbc México, S.A.",895.36
2006-12,"Ing Bank (Mexico), S.A.",21.08
2006-12,"Ixe Banco, S.A.",29.5
2006-12,"Kptl México Bank, S.A.",0.0
2007-12,"Abn Amro Bank (Mexico), S.A.",9.66
2007-12,"American Express Bank (México), S.A.",36.25
2007-12,"Banca Afirme, S.A.",42.81
2007-12,"Banca Mifel, S.A.",27.26
2007-12,"Banco Ahorro Famsa, S.A.",0.33
2007-12,"Banco Amigo, S.A.",0.68
2007-12,"Banco Azteca, S.A.",170.49
2007-12,"Banco Compartamos, S.A.",6.91
2007-12,"Banco Credit Suisse (México), S.A.",1.56
2007-12,"Banco del Bajío, S.A.",130.99
2007-12,"Banco Facil, S.A.",0.15
2007-12,"Banco Inbursa, S.A.",225.97
2007-12,"Banco Inverlat, S.A.",375.54
2007-12,"Banco Invex, S.A.",25.79
2007-12,"Banco J.P. Morgan, S.A.",2.93
2007-12,"Banco Mercantil del Norte, S.A.",812.9
2007-12,"Banco Monex, S.A.",1.18
2007-12,"Banco Multiva, S.A.",0.83
2007-12,"Banco Nacional de México, S.A.",1327.35
2007-12,"Banco Regional, S.A.",0.01
2007-12,"Banco Regional, S.A.",38.31
2007-12,"Banco Santander Mexicano, S.A.",77.27
2007-12,"Banco Santander, S.A.",833.22
2007-12,"Banco Ve Por Más, S.A.",21.17
2007-12,"Banco Wal-Mart de Mexico Adelante, S.A.",0.0
2007-12,"Bancoppel, S.A.",0.12
2007-12,"Bank Of America México, S.A.",11.23
2007-12,"Bank Of Tokyo-Mitsubishi Ufj (México), S.A.",4.09
2007-12,"Bansí, S.A.",10.16
2007-12,"Barclays Bank México, S.A.",0.01
2007-12,"Bbva Bancomer, S.A.",1930.95
2007-12,"Deutsche Bank México, S.A.",0.37
2007-12,"Ge Capital Bank, S.A.",9.35
2007-12,"Ge Money Bank, S.A.",17.38
2007-12,"Hsbc México, S.A.",995.31
2007-12,"Ing Bank (Mexico), S.A.",18.55
2007-12,"Ixe Banco, S.A.",48.69
2007-12,"Kptl México Bank, S.A.",0.33
2007-12,"Prudential Bank, S.A.",0.04
2007-12,"Scotiabank Inverlat, S.A.",35.26
2007-12,"Ubs Bank México, S.A.",0.06
2008-12,"American Express Bank (México), S.A.",50.01
2008-12,"Banca Afirme, S.A.",47.22
2008-12,"Banca Mifel, S.A.",38.72
2008-12,"Banco Ahorro Famsa, S.A.",5.2
2008-12,"Banco Amigo, S.A.",1.35
2008-12,"Banco Azteca, S.A.",187.14
2008-12,"Banco Compartamos, S.A.",8.36
2008-12,"Banco Credit Suisse (México), S.A.",2.79
2008-12,"Banco del Bajío, S.A.",169.98
2008-12,"Banco Facil, S.A.",1.56
2008-12,"Banco Inbursa, S.A.",426.14
2008-12,"Banco Inverlat, S.A.",385.32
2008-12,"Banco Invex, S.A.",34.66
2008-12,"Banco J.P. Morgan, S.A.",4.94
2008-12,"Banco Mercantil del Norte, S.A.",1065.47
2008-12,"Banco Monex, S.A.",4.48
2008-12,"Banco Multiva, S.A.",8.61
2008-12,"Banco Nacional de México, S.A.",1344.79
2008-12,"Banco Regional, S.A.",1.75
2008-12,"Banco Regional, S.A.",56.45
2008-12,"Banco Santander México, S.A.",1111.31
2008-12,"Banco Ve Por Más, S.A.",30.15
2008-12,"Banco Wal-Mart de Mexico Adelante, S.A.",0.22
2008-12,"Bancoppel, S.A.",5.11
2008-12,"Bank Of America México, S.A.",14.75
2008-12,"Bank Of Tokyo-Mitsubishi Ufj (México), S.A.",6.41
2008-12,"Bansí, S.A.",12.09
2008-12,"Barclays Bank México, S.A.",0.45
2008-12,"Bbva Bancomer, S.A.",2244.48
2008-12,"Consultoria Internacional Banco, S.A.",0.76
2008-12,"Deutsche Bank México, S.A.",1.28
2008-12,"El Banco Deuno, S.A.",0.01
2008-12,"Ge Capital Bank, S.A.",2.09
2008-12,"Ge Money Bank, S.A.",18.81
2008-12,"Hsbc México, S.A.",1097.5
2008-12,"Ing Bank (Mexico), S.A.",22.48
2008-12,"Ixe Banco, S.A.",78.84
2008-12,"Kptl México Bank, S.A.",2.81
2008-12,"Prudential Bank, S.A.",0.05
2008-12,"Scotiabank Inverlat, S.A.",34.33
2008-12,"The Royal Bank Of Scotland Mexico, S.A.",19.54
2008-12,"Ubs Bank México, S.A.",0.06
2008-12,"Volkswagen Bank, S.A.",0.13
2009-12,"American Express Bank (México), S.A.",49.92
2009-12,"Banca Afirme, S.A.",52.04
2009-12,"Banca Mifel, S.A.",56.49
2009-12,"Banco Ahorro Famsa, S.A.",23.87
2009-12,"Banco Amigo, S.A.",1.38
2009-12,"Banco Azteca, S.A.",196.58
2009-12,"Banco Compartamos, S.A.",14.28
2009-12,"Banco Credit Suisse (México), S.A.",18.23
2009-12,"Banco del Bajío, S.A.",192.55
2009-12,"Banco Facil, S.A.",1.35
2009-12,"Banco Inbursa, S.A.",579.74
2009-12,"Banco Inverlat, S.A.",193.76
2009-12,"Banco Invex, S.A.",31.63
2009-12,"Banco J.P. Morgan, S.A.",6.17
2009-12,"Banco Mercantil del Norte, S.A.",1204.45
2009-12,"Banco Monex, S.A.",5.23
2009-12,"Banco Multiva, S.A.",18.87
2009-12,"Banco Nacional de México, S.A.",1410.33
2009-12,"Banco Regional, S.A.",4.43
2009-12,"Banco Regional, S.A.",60.24
2009-12,"Banco Santander México, S.A.",1147.19
2009-12,"Banco Ve Por Más, S.A.",40.87
2009-12,"Banco Wal-Mart de Mexico Adelante, S.A.",0.98
2009-12,"Bancoppel, S.A.",14.07
2009-12,"Bank Of America México, S.A.",3.63
2009-12,"Bank Of Tokyo-Mitsubishi (Mexico), S.A.",10.77
2009-12,"Bansí, S.A.",17.17
2009-12,"Barclays Bank México, S.A.",0.13
2009-12,"Bbva Bancomer, S.A.",2526.99
2009-12,"Cibanco, S.A.",3.09
2009-12,"Deutsche Bank México, S.A.",0.99
2009-12,"Ge Money Bank, S.A.",4.5
2009-12,"Hsbc México, S.A.",1105.27
2009-12,"Ing Bank (Mexico), S.A.",23.5
2009-12,"Ixe Banco, S.A.",103.31
2009-12,"Kptl México Bank, S.A.",4.4
2009-12,"Prudential Bank, S.A.",0.06
2009-12,"Scotiabank Inverlat, S.A.",261.52
2009-12,The Bank Of New York Mellon,0.0
2009-12,"The Royal Bank Of Scotland Mexico, S.A.",5.42
2009-12,"Ubs Bank México, S.A.",0.02
2009-12,"Volkswagen Bank, S.A.",1.46
2010-12,"American Express Bank (México), S.A.",46.22
2010-12,"Banca Afirme, S.A.",49.91
2010-12,"Banca Mifel, S.A.",84.54
2010-12,"Banco Actinver, S.A.",0.57
2010-12,"Banco Ahorro Famsa, S.A.",33.19
2010-12,"Banco Amigo, S.A.",1.32
2010-12,"Banco Azteca, S.A.",214.67
2010-12,"Banco Compartamos, S.A.",13.69
2010-12,"Banco Credit Suisse (México), S.A.",10.85
2010-12,"Banco del Bajío, S.A.",232.27
2010-12,"Banco Facil, S.A.",0.42
2010-12,"Banco Inbursa, S.A.",590.98
2010-12,"Banco Inverlat, S.A.",43.24
2010-12,"Banco Invex, S.A.",30.1
2010-12,"Banco J.P. Morgan, S.A.",7.5
2010-12,"Banco Mercantil del Norte, S.A.",1235.24
2010-12,"Banco Monex, S.A.",9.62
2010-12,"Banco Multiva, S.A.",25.85
2010-12,"Banco Nacional de México, S.A.",1664.75
2010-12,"Banco Regional, S.A.",3.25
2010-12,"Banco Regional, S.A.",70.16
2010-12,"Banco Santander México, S.A.",982.33
2010-12,"Banco Ve Por Más, S.A.",40.75
2010-12,"Banco Wal-Mart de Mexico Adelante, S.A.",3.23
2010-12,"Bancoppel, S.A.",26.77
2010-12,"Bank Of America México, S.A.",57.19
2010-12,"Bank Of Tokyo-Mitsubishi Ufj (México), S.A.",12.74
2010-12,"Bansí, S.A.",22.38
2010-12,"Barclays Bank México, S.A.",0.6
2010-12,"Bbva Bancomer, S.A.",2509.49
2010-12,"Cibanco, S.A.",10.79
2010-12,"Deutsche Bank México, S.A.",7.0
2010-12,"Hsbc México, S.A.",1111.91
2010-12,"Ing Bank (Mexico), S.A.",30.4
2010-12,"Interacciones Casa de Bolsa, S.A. de C.V.",13.94
2010-12,"Ixe Banco, S.A.",119.58
2010-12,"Kptl México Bank, S.A.",5.18
2010-12,"Monex Casa de Bolsa, S.A. de C.V.",0.63
2010-12,"Scotiabank Inverlat, S.A.",424.33
2010-12,The Bank Of New York Mellon,0.0
2010-12,"The Royal Bank Of Scotland Mexico, S.A.",14.39
2010-12,"Ubs Bank México, S.A.",0.39
2010-12,"Volkswagen Bank, S.A.",4.77
2011-12,"American Express Bank (México), S.A.",46.72
2011-12,"Banca Afirme, S.A.",56.07
2011-12,"Banca Mifel, S.A.",90.22
2011-12,"Banco Actinver, S.A.",2.02
2011-12,"Banco Ahorro Famsa, S.A.",38.46
2011-12,"Banco Amigo, S.A.",5.41
2011-12,"Banco Azteca, S.A.",248.07
2011-12,"Banco Base, S.A.",0.02
2011-12,"Banco Compartamos, S.A.",18.06
2011-12,"Banco Credit Suisse (México), S.A.",21.06
2011-12,"Banco del Bajío, S.A.",251.4
2011-12,"Banco Facil, S.A.",0.12
2011-12,"Banco Inbursa, S.A.",482.75
2011-12,"Banco Invex, S.A.",33.38
2011-12,"Banco J.P. Morgan, S.A.",7.34
2011-12,"Banco Mercantil del Norte, S.A.",1390.03
2011-12,"Banco Monex, S.A.",13.64
2011-12,"Banco Multiva, S.A.",42.67
2011-12,"Banco Nacional de México, S.A.",1961.47
2011-12,"Banco Regional, S.A.",84.89
2011-12,"Banco Santander México, S.A.",1228.9
2011-12,"Banco Ve Por Más, S.A.",40.24
2011-12,"Banco Wal-Mart de Mexico Adelante, S.A.",7.12
2011-12,"Bancoppel, S.A.",40.32
2011-12,"Bank Of America México, S.A.",104.79
2011-12,"Bank Of Tokyo-Mitsubishi Ufj (México), S.A.",11.95
2011-12,"Bansí, S.A.",23.45
2011-12,"Barclays Bank México, S.A.",0.02
2011-12,"Bbva Bancomer, S.A.",2755.33
2011-12,"Cibanco, S.A.",27.05
2011-12,"Deutsche Bank México, S.A.",14.8
2011-12,"Hsbc México, S.A.",1302.49
2011-12,"Ing Bank (Mexico), S.A.",33.99
2011-12,"Intercam Banco, S.A.",0.24
2011-12,"Ixe Banco, S.A.",125.56
2011-12,"Kptl México Bank, S.A.",8.49
2011-12,"Monex Casa de Bolsa, S.A. de C.V.",0.51
2011-12,"Scotiabank Inverlat, S.A.",502.41
2011-12,The Bank Of New York Mellon,0.0
2011-12,"The Royal Bank Of Scotland Mexico, S.A.",7.02
2011-12,"Ualá, S.A.",1.74
2011-12,"Ubs Bank México, S.A.",0.17
2011-12,"Volkswagen Bank, S.A.",7.03
2012-12,"Agrofinanzas, S.A.",0.25
2012-12,"American Express Bank (México), S.A.",32.59
2012-12,"Banca Afirme, S.A.",67.59
2012-12,"Banca Mifel, S.A.",93.77
2012-12,"Banco Actinver, S.A.",10.1
2012-12,"Banco Ahorro Famsa, S.A.",45.18
2012-12,"Banco Azteca, S.A.",293.64
2012-12,"Banco Base, S.A.",0.47
2012-12,"Banco Compartamos, S.A.",25.87
2012-12,"Banco Credit Suisse (México), S.A.",20.67
2012-12,"Banco del Bajío, S.A.",293.46
2012-12,"Banco Facil, S.A.",0.72
2012-12,"Banco Inbursa, S.A.",478.0
2012-12,"Banco Invex, S.A.",32.28
2012-12,"Banco J.P. Morgan, S.A.",13.12
2012-12,"Banco Mercantil del Norte, S.A.",1623.79
2012-12,"Banco Monex, S.A.",22.75
2012-12,"Banco Multiva, S.A.",79.08
2012-12,"Banco Nacional de México, S.A.",2015.19
2012-12,"Banco Regional, S.A.",108.62
2012-12,"Banco Santander México, S.A.",1341.48
2012-12,"Banco Ve Por Más, S.A.",49.03
2012-12,"Banco Wal-Mart de Mexico Adelante, S.A.",15.11
2012-12,"Bancoppel, S.A.",53.46
2012-12,"Bank Of America México, S.A.",65.6
2012-12,"Bank Of Tokyo-Mitsubishi Ufj (México), S.A.",11.59
2012-12,"Bansí, S.A.",24.21
2012-12,"Barclays Bank México, S.A.",0.01
2012-12,"Bbva Bancomer, S.A.",2857.89
2012-12,"Cibanco, S.A.",33.4
2012-12,"Deutsche Bank México, S.A.",23.51
2012-12,"Hsbc México, S.A.",1389.66
2012-12,"Ing Bank (Mexico), S.A.",14.9
2012-12,"Intercam Banco, S.A.",1.03
2012-12,"Ixe Banco, S.A.",145.61
2012-12,"Kptl México Bank, S.A.",10.42
2012-12,"Scotiabank Inverlat, S.A.",551.53
2012-12,The Bank Of New York Mellon,0.0
2012-12,"The Royal Bank Of Scotland Mexico, S.A.",11.74
2012-12,"Ualá, S.A.",15.07
2012-12,"Ubs Bank México, S.A.",1.17
2012-12,"Volkswagen Bank, S.A.",6.23
2013-12,"Agrofinanzas, S.A.",5.57
2013-12,"American Express Bank (México), S.A.",25.02
2013-12,"Banca Afirme, S.A.",82.96
2013-12,"Banca Mifel, S.A.",88.44
2013-12,"Banco Actinver, S.A.",20.06
2013-12,"Banco Ahorro Famsa, S.A.",50.52
2013-12,"Banco Azteca, S.A.",349.77
2013-12,"Banco Bancrea, S.A.",0.08
2013-12,"Banco Banfeliz, S.A.",0.47
2013-12,"Banco Base, S.A.",0.86
2013-12,"Banco Bicentenario, S.A.",2.67
2013-12,"Banco Compartamos, S.A.",36.18
2013-12,"Banco Credit Suisse (México), S.A.",27.46
2013-12,"Banco del Bajío, S.A.",367.15
2013-12,"Banco Inbursa, S.A.",1145.65
2013-12,"Banco Inmobiliario Mexicano, S.A.",4.04
2013-12,"Banco Invex, S.A.",36.82
2013-12,"Banco J.P. Morgan, S.A.",19.91
2013-12,"Banco Mercantil del Norte, S.A.",1988.75
2013-12,"Banco Monex, S.A.",27.15
2013-12,"Banco Multiva, S.A.",130.68
2013-12,"Banco Nacional de México, S.A.",2031.67
2013-12,"Banco Regional, S.A.",128.14
2013-12,"Banco Santander México, S.A.",1543.62
2013-12,"Banco Ve Por Más, S.A.",54.95
2013-12,"Banco Wal-Mart de Mexico Adelante, S.A.",17.45
2013-12,"Bancoppel, S.A.",63.33
2013-12,"Bank Of America México, S.A.",34.85
2013-12,"Bank Of Tokyo-Mitsubishi Ufj (México), S.A.",12.46
2013-12,"Bansí, S.A.",29.14
2013-12,"Barclays Bank México, S.A.",1.24
2013-12,"Bbva Bancomer, S.A.",3011.04
2013-12,"Cibanco, S.A.",41.95
2013-12,"Consubanco, S.A.",12.62
2013-12,"Deutsche Bank México, S.A.",13.8
2013-12,"Fundación Dondé Banco, S.A.",0.01
2013-12,"Hsbc México, S.A.",1254.21
2013-12,"Ing Bank (Mexico), S.A.",0.0
2013-12,"Intercam Banco, S.A.",5.23
2013-12,"Ixe Banco, S.A.",53.35
2013-12,"Kptl México Bank, S.A.",9.54
2013-12,"Scotiabank Inverlat, S.A.",594.64
2013-12,The Bank Of New York Mellon,0.0
2013-12,"The Royal Bank Of Scotland Mexico, S.A.",5.54
2013-12,"Ualá, S.A.",17.62
2013-12,"Ubs Bank México, S.A.",2.69
2013-12,"Volkswagen Bank, S.A.",18.97
2014-12,"American Express Bank (México), S.A.",30.01
2014-12,"Banca Afirme, S.A.",74.82
2014-12,"Banca Mifel, S.A.",100.91
2014-12,"Banco Actinver, S.A.",26.68
2014-12,"Banco Ahorro Famsa, S.A.",54.62
2014-12,"Banco Azteca, S.A.",402.93
2014-12,"Banco Bancrea, S.A.",5.13
2014-12,"Banco Banfeliz, S.A.",0.84
2014-12,"Banco Base, S.A.",7.64
2014-12,"Banco Bicentenario, S.A.",1.93
2014-12,"Banco Compartamos, S.A.",40.95
2014-12,"Banco Credit Suisse (México), S.A.",25.64
2014-12,"Banco del Bajío, S.A.",379.59
2014-12,"Banco Inbursa, S.A.",875.41
2014-12,"Banco Inmobiliario Mexicano, S.A.",15.83
2014-12,"Banco Invex, S.A.",46.28
2014-12,"Banco J.P. Morgan, S.A.",27.33
2014-12,"Banco Mercantil del Norte, S.A.",2156.15
2014-12,"Banco Monex, S.A.",56.58
2014-12,"Banco Multiva, S.A.",167.75
2014-12,"Banco Nacional de México, S.A.",2245.21
2014-12,"Banco Pagatodo, S.A.",0.0
2014-12,"Banco Regional, S.A.",157.44
2014-12,"Banco Santander México, S.A.",1888.03
2014-12,"Banco Ve Por Más, S.A.",57.76
2014-12,"Banco Wal-Mart de Mexico Adelante, S.A.",22.73
2014-12,"Bancoppel, S.A.",79.56
2014-12,"Bank Of America México, S.A.",38.02
2014-12,"Bank Of Tokyo-Mitsubishi Ufj (México), S.A.",22.84
2014-12,"Bankaool, S.A.",6.16
2014-12,"Bansí, S.A.",30.22
2014-12,"Barclays Bank México, S.A.",7.96
2014-12,"Bbva Bancomer, S.A.",3385.5
2014-12,"Cibanco, S.A.",57.65
2014-12,"Consubanco, S.A.",19.39
2014-12,"Deutsche Bank México, S.A.",17.07
2014-12,"Fundación Dondé Banco, S.A.",0.06
2014-12,"Hsbc México, S.A.",1312.31
2014-12,"Intercam Banco, S.A.",10.45
2014-12,"Investa Bank, S.A.",3.89
2014-12,"Kptl México Bank, S.A.",9.97
2014-12,"Scotiabank Inverlat, S.A.",688.36
2014-12,The Bank Of New York Mellon,0.0
2014-12,"Ualá, S.A.",11.89
2014-12,"Ubs Bank México, S.A.",1.32
2014-12,"Volkswagen Bank, S.A.",12.48
2015-12,"American Express Bank (México), S.A.",31.39
2015-12,"Banca Afirme, S.A.",83.78
2015-12,"Banca Mifel, S.A.",119.66
2015-12,"Banco Actinver, S.A.",38.45
2015-12,"Banco Ahorro Famsa, S.A.",61.44
2015-12,"Banco Azteca, S.A.",390.39
2015-12,"Banco Bancrea, S.A.",14.2
2015-12,"Banco Banfeliz, S.A.",0.83
2015-12,"Banco Base, S.A.",9.74
2015-12,"Banco Compartamos, S.A.",52.14
2015-12,"Banco Credit Suisse (México), S.A.",23.57
2015-12,"Banco del Bajío, S.A.",432.93
2015-12,"Banco Inbursa, S.A.",914.02
2015-12,"Banco Inmobiliario Mexicano, S.A.",14.49
2015-12,"Banco Invex, S.A.",50.16
2015-12,"Banco J.P. Morgan, S.A.",47.17
2015-12,"Banco Mercantil del Norte, S.A.",2448.46
2015-12,"Banco Monex, S.A.",74.51
2015-12,"Banco Multiva, S.A.",203.48
2015-12,"Banco Nacional de México, S.A.",2351.14
2015-12,"Banco Pagatodo, S.A.",0.0
2015-12,"Banco Regional, S.A.",203.98
2015-12,"Banco Santander México, S.A.",2236.66
2015-12,"Banco Ve Por Más, S.A.",71.32
2015-12,"Banco Wal-Mart de Mexico Adelante, S.A.",14.22
2015-12,"Bancoppel, S.A.",105.08
2015-12,"Bank Of America México, S.A.",50.55
2015-12,"Bank Of Tokyo-Mitsubishi Ufj (México), S.A.",44.69
2015-12,"Bankaool, S.A.",6.43
2015-12,"Bansí, S.A.",36.64
2015-12,"Barclays Bank México, S.A.",33.08
2015-12,"Bbva Bancomer, S.A.",4040.48
2015-12,"Cibanco, S.A.",29.96
2015-12,"Consubanco, S.A.",19.27
2015-12,"Deutsche Bank México, S.A.",41.85
2015-12,"Fundación Dondé Banco, S.A.",0.1
2015-12,"Hsbc México, S.A.",1446.23
2015-12,"Intercam Banco, S.A.",19.97
2015-12,"Investa Bank, S.A.",7.26
2015-12,"Kptl México Bank, S.A.",11.66
2015-12,"Scotiabank Inverlat, S.A.",797.45
2015-12,"Ualá, S.A.",12.56
2015-12,"Ubs Bank México, S.A.",0.63
2015-12,"Volkswagen Bank, S.A.",12.89
2016-12,"American Express Bank (México), S.A.",35.28
2016-12,"Banca Afirme, S.A.",101.15
2016-12,"Banca Mifel, S.A.",134.55
2016-12,"Banco Actinver, S.A.",55.28
2016-12,"Banco Ahorro Famsa, S.A.",75.77
2016-12,"Banco Azteca, S.A.",406.1
2016-12,"Banco Bancrea, S.A.",22.44
2016-12,"Banco Banfeliz, S.A.",0.97
2016-12,"Banco Base, S.A.",18.29
2016-12,"Banco Compartamos, S.A.",60.15
2016-12,"Banco Credit Suisse (México), S.A.",35.5
2016-12,"Banco del Bajío, S.A.",483.5
2016-12,"Banco Finterra, S.A.",11.56
2016-12,"Banco Inbursa, S.A.",939.17
2016-12,"Banco Inmobiliario Mexicano, S.A.",16.48
2016-12,"Banco Invex, S.A.",65.88
2016-12,"Banco J.P. Morgan, S.A.",80.54
2016-12,"Banco Mercantil del Norte, S.A.",2727.66
2016-12,"Banco Monex, S.A.",102.83
2016-12,"Banco Multiva, S.A.",256.9
2016-12,"Banco Nacional de México, S.A.",2814.83
2016-12,"Banco Pagatodo, S.A.",0.0
2016-12,"Banco Regional, S.A.",263.3
2016-12,"Banco Sabadell, S.A.",4.71
2016-12,"Banco Santander México, S.A.",2634.91
2016-12,"Banco Ve Por Más, S.A.",109.92
2016-12,"Bancoppel, S.A.",136.3
2016-12,"Bank Of America México, S.A.",101.95
2016-12,"Bank Of Tokyo-Mitsubishi Ufj (México), S.A.",60.08
2016-12,"Bankaool, S.A.",8.98
2016-12,"Bansí, S.A.",39.48
2016-12,"Barclays Bank México, S.A.",25.16
2016-12,"Bbva Bancomer, S.A.",4587.74
2016-12,"Cibanco, S.A.",82.19
2016-12,"Consubanco, S.A.",23.36
2016-12,"Deutsche Bank México, S.A.",37.54
2016-12,"Fundación Dondé Banco, S.A.",0.12
2016-12,"Hsbc México, S.A.",1520.36
2016-12,"Industrial And Commercial Bank Of China México, S.A.",0.01
2016-12,"Intercam Banco, S.A.",28.92
2016-12,"Investa Bank, S.A.",10.36
2016-12,"Kptl México Bank, S.A.",13.47
2016-12,"Scotiabank Inverlat, S.A.",918.27
2016-12,"Ualá, S.A.",16.51
2016-12,"Ubs Bank México, S.A.",0.96
2016-12,"Volkswagen Bank, S.A.",13.86
2017-12,"American Express Bank (México), S.A.",35.57
2017-12,"Banca Afirme, S.A.",132.56
2017-12,"Banca Mifel, S.A.",146.41
2017-12,"Banco Actinver, S.A.",67.86
2017-12,"Banco Ahorro Famsa, S.A.",90.97
2017-12,"Banco Azteca, S.A.",420.42
2017-12,"Banco Bancrea, S.A.",32.59
2017-12,"Banco Banfeliz, S.A.",1.06
2017-12,"Banco Base, S.A.",34.45
2017-12,"Banco Compartamos, S.A.",54.32
2017-12,"Banco Credit Suisse (México), S.A.",40.73
2017-12,"Banco del Bajío, S.A.",526.16
2017-12,"Banco Finterra, S.A.",12.61
2017-12,"Banco Inbursa, S.A.",1004.43
2017-12,"Banco Inmobiliario Mexicano, S.A.",18.62
2017-12,"Banco Invex, S.A.",82.62
2017-12,"Banco J.P. Morgan, S.A.",100.3
2017-12,"Banco Mercantil del Norte, S.A.",3124.51
2017-12,"Banco Monex, S.A.",147.3
2017-12,"Banco Multiva, S.A.",317.56
2017-12,"Banco Nacional de México, S.A.",2876.7
2017-12,"Banco Pagatodo, S.A.",0.06
2017-12,"Banco Regional, S.A.",302.89
2017-12,"Banco Sabadell, S.A.",36.0
2017-12,"Banco Santander México, S.A.",2890.05
2017-12,"Banco Ve Por Más, S.A.",126.1
2017-12,"Bancoppel, S.A.",169.71
2017-12,"Bank Of America México, S.A.",106.84
2017-12,"Bank Of Tokyo-Mitsubishi Ufj (México), S.A.",71.88
2017-12,"Bankaool, S.A.",8.59
2017-12,"Bansí, S.A.",37.88
2017-12,"Barclays Bank México, S.A.",15.2
2017-12,"Bbva Bancomer, S.A.",4913.43
2017-12,"Cibanco, S.A.",76.67
2017-12,"Consubanco, S.A.",26.14
2017-12,"Deutsche Bank México, S.A.",4.12
2017-12,"Fundación Dondé Banco, S.A.",0.51
2017-12,"Hsbc México, S.A.",1459.65
2017-12,"Industrial And Commercial Bank Of China México, S.A.",3.78
2017-12,"Intercam Banco, S.A.",45.97
2017-12,"Investa Bank, S.A.",9.05
2017-12,"Kptl México Bank, S.A.",16.72
2017-12,"Mizuho Bank México, S.A.",0.76
2017-12,"Scotiabank Inverlat, S.A.",1184.31
2017-12,"Ualá, S.A.",20.66
2017-12,"Ubs Bank México, S.A.",0.0
2017-12,"Volkswagen Bank, S.A.",14.51
2018-12,"Accendo Banco, S.A.",13.9
2018-12,"American Express Bank (México), S.A.",38.43
2018-12,"Banca Afirme, S.A.",180.41
2018-12,"Banca Mifel, S.A.",176.88
2018-12,"Banco Actinver, S.A.",94.35
2018-12,"Banco Ahorro Famsa, S.A.",111.25
2018-12,"Banco Azteca, S.A.",472.98
2018-12,"Banco Bancrea, S.A.",43.39
2018-12,"Banco Banfeliz, S.A.",1.08
2018-12,"Banco Base, S.A.",60.5
2018-12,"Banco Compartamos, S.A.",57.37
2018-12,"Banco Credit Suisse (México), S.A.",38.05
2018-12,"Banco de Inversión Afirme, S.A.",0.0
2018-12,"Banco del Bajío, S.A.",602.85
2018-12,"Banco Finterra, S.A.",13.94
2018-12,"Banco Inbursa, S.A.",969.11
2018-12,"Banco Inmobiliario Mexicano, S.A.",20.2
2018-12,"Banco Invex, S.A.",90.53
2018-12,"Banco J.P. Morgan, S.A.",134.1
2018-12,"Banco Mercantil del Norte, S.A.",3388.3
2018-12,"Banco Monex, S.A.",153.51
2018-12,"Banco Multiva, S.A.",343.34
2018-12,"Banco Nacional de México, S.A.",3014.16
2018-12,"Banco Pagatodo, S.A.",0.04
2018-12,"Banco Regional, S.A.",343.1
2018-12,"Banco S3 México, S.A.",2.2
2018-12,"Banco Sabadell, S.A.",103.96
2018-12,"Banco Santander México, S.A.",3132.57
2018-12,"Banco Shinhan de México, S.A.",0.56
2018-12,"Banco Ve Por Más, S.A.",147.07
2018-12,"Bancoppel, S.A.",198.47
2018-12,"Bank Of America México, S.A.",113.17
2018-12,"Bank Of China México, S.A.",0.0
2018-12,"Bankaool, S.A.",0.15
2018-12,"Bansí, S.A.",44.47
2018-12,"Barclays Bank México, S.A.",13.97
2018-12,"Bbva Bancomer, S.A.",5216.02
2018-12,"Cibanco, S.A.",118.49
2018-12,"Consubanco, S.A.",22.12
2018-12,"Deutsche Bank México, S.A.",0.01
2018-12,"Fundación Dondé Banco, S.A.",0.69
2018-12,"Hsbc México, S.A.",1780.69
2018-12,"Industrial And Commercial Bank Of China México, S.A.",11.39
2018-12,"Intercam Banco, S.A.",55.33
2018-12,"Kptl México Bank, S.A.",18.73
2018-12,"Mizuho Bank México, S.A.",7.33
2018-12,"Mufg Bank México, S.A.",76.19
2018-12,"Scotiabank Inverlat, S.A.",1437.22
2018-12,"Ualá, S.A.",21.71
2018-12,"Volkswagen Bank, S.A.",12.03
2019-12,"Accendo Banco, S.A.",17.93
2019-12,"American Express Bank (México), S.A.",35.23
2019-12,"Banca Afirme, S.A.",227.54
2019-12,"Banca Mifel, S.A.",204.73
2019-12,"Banco Actinver, S.A.",112.0
2019-12,"Banco Ahorro Famsa, S.A.",129.68
2019-12,"Banco Azteca, S.A.",561.34
2019-12,"Banco Bancrea, S.A.",50.14
2019-12,"Banco Banfeliz, S.A.",1.4
2019-12,"Banco Base, S.A.",64.53
2019-12,"Banco Compartamos, S.A.",64.8
2019-12,"Banco Credit Suisse (México), S.A.",14.57
2019-12,"Banco de Inversión Afirme, S.A.",1.43
2019-12,"Banco del Bajío, S.A.",696.2
2019-12,"Banco Finterra, S.A.",10.33
2019-12,"Banco Inbursa, S.A.",1000.93
2019-12,"Banco Inmobiliario Mexicano, S.A.",22.35
2019-12,"Banco Invex, S.A.",95.26
2019-12,"Banco J.P. Morgan, S.A.",151.28
2019-12,"Banco Keb Hana México, S.A.",0.41
2019-12,"Banco Mercantil del Norte, S.A.",3298.49
2019-12,"Banco Monex, S.A.",177.18
2019-12,"Banco Multiva, S.A.",331.38
2019-12,"Banco Nacional de México, S.A.",3208.37
2019-12,"Banco Pagatodo, S.A.",0.14
2019-12,"Banco Regional, S.A.",399.87
2019-12,"Banco S3 México, S.A.",8.29
2019-12,"Banco Sabadell, S.A.",216.22
2019-12,"Banco Santander México, S.A.",3351.68
2019-12,"Banco Shinhan de México, S.A.",3.22
2019-12,"Banco Ve Por Más, S.A.",165.64
2019-12,"Bancoppel, S.A.",169.65
2019-12,"Bank Of America México, S.A.",131.38
2019-12,"Bank Of China México, S.A.",0.09
2019-12,"Bankaool, S.A.",5.47
2019-12,"Bansí, S.A.",47.06
2019-12,"Barclays Bank México, S.A.",23.79
2019-12,"Bbva Bancomer, S.A.",5433.83
2019-12,"Cibanco, S.A.",126.84
2019-12,"Consubanco, S.A.",25.88
2019-12,"Deutsche Bank México, S.A.",0.0
2019-12,"Fundación Dondé Banco, S.A.",0.6
2019-12,"Hsbc México, S.A.",2088.28
2019-12,"Industrial And Commercial Bank Of China México, S.A.",10.97
2019-12,"Intercam Banco, S.A.",59.58
2019-12,"Kptl México Bank, S.A.",20.1
2019-12,"Mizuho Bank México, S.A.",18.52
2019-12,"Mufg Bank México, S.A.",68.48
2019-12,"Scotiabank Inverlat, S.A.",1620.51
2019-12,"Ualá, S.A.",24.31
2019-12,"Volkswagen Bank, S.A.",10.28
2020-12,"Accendo Banco, S.A.",19.24
2020-12,"American Express Bank (México), S.A.",30.92
2020-12,"Banca Afirme, S.A.",232.11
2020-12,"Banca Mifel, S.A.",211.32
2020-12,"Banco Actinver, S.A.",131.0
2020-12,"Banco Ahorro Famsa, S.A.",67.28
2020-12,"Banco Azteca, S.A.",676.83
2020-12,"Banco Bancrea, S.A.",65.16
2020-12,"Banco Banfeliz, S.A.",1.79
2020-12,"Banco Base, S.A.",74.23
2020-12,"Banco Compartamos, S.A.",88.53
2020-12,"Banco Credit Suisse (México), S.A.",52.18
2020-12,"Banco de Inversión Afirme, S.A.",3.99
2020-12,"Banco del Bajío, S.A.",790.58
2020-12,"Banco Finterra, S.A.",7.88
2020-12,"Banco Inbursa, S.A.",1091.75
2020-12,"Banco Inmobiliario Mexicano, S.A.",26.23
2020-12,"Banco Invex, S.A.",115.1
2020-12,"Banco J.P. Morgan, S.A.",219.03
2020-12,"Banco Keb Hana México, S.A.",1.75
2020-12,"Banco Mercantil del Norte, S.A.",3625.02
2020-12,"Banco Monex, S.A.",217.06
2020-12,"Banco Multiva, S.A.",261.78
2020-12,"Banco Nacional de México, S.A.",3699.14
2020-12,"Banco Pagatodo, S.A.",0.18
2020-12,"Banco Regional, S.A.",425.1
2020-12,"Banco S3 México, S.A.",9.26
2020-12,"Banco Sabadell, S.A.",309.64
2020-12,"Banco Santander México, S.A.",3861.41
2020-12,"Banco Shinhan de México, S.A.",6.33
2020-12,"Banco Ve Por Más, S.A.",192.4
2020-12,"Bancoppel, S.A.",286.73
2020-12,"Bank Of America México, S.A.",180.5
2020-12,"Bank Of China México, S.A.",2.52
2020-12,"Bankaool, S.A.",16.33
2020-12,"Bansí, S.A.",58.27
2020-12,"Barclays Bank México, S.A.",47.66
2020-12,"Bbva Bancomer, S.A.",6301.79
2020-12,"Cibanco, S.A.",120.88
2020-12,"Consubanco, S.A.",24.72
2020-12,"Deutsche Bank México, S.A.",0.0
2020-12,"Fundación Dondé Banco, S.A.",0.48
2020-12,"Hsbc México, S.A.",2265.55
2020-12,"Industrial And Commercial Bank Of China México, S.A.",15.71
2020-12,"Intercam Banco, S.A.",71.92
2020-12,"Kptl México Bank, S.A.",20.35
2020-12,"Mizuho Bank México, S.A.",26.15
2020-12,"Mufg Bank México, S.A.",86.45
2020-12,"Scotiabank Inverlat, S.A.",1900.83
2020-12,"Ualá, S.A.",21.88
2020-12,"Volkswagen Bank, S.A.",10.44
2021-12,"Accendo Banco, S.A.",18.61
2021-12,"American Express Bank (México), S.A.",16.46
2021-12,"Banca Afirme, S.A.",258.78
2021-12,"Banca Mifel, S.A.",239.83
2021-12,"Banco Actinver, S.A.",98.39
2021-12,"Banco Azteca, S.A.",716.95
2021-12,"Banco Bancrea, S.A.",70.74
2021-12,"Banco Banfeliz, S.A.",1.94
2021-12,"Banco Base, S.A.",74.94
2021-12,"Banco Compartamos, S.A.",95.76
2021-12,"Banco Credit Suisse (México), S.A.",51.95
2021-12,"Banco de Inversión Afirme, S.A.",3.23
2021-12,"Banco del Bajío, S.A.",884.07
2021-12,"Banco Finterra, S.A.",5.86
2021-12,"Banco Inbursa, S.A.",1070.71
2021-12,"Banco Inmobiliario Mexicano, S.A.",28.19
2021-12,"Banco Invex, S.A.",111.82
2021-12,"Banco J.P. Morgan, S.A.",235.59
2021-12,"Banco Keb Hana México, S.A.",6.59
2021-12,"Banco Mercantil del Norte, S.A.",3600.89
2021-12,"Banco Monex, S.A.",195.3
2021-12,"Banco Multiva, S.A.",238.01
2021-12,"Banco Nacional de México, S.A.",3643.84
2021-12,"Banco Pagatodo, S.A.",0.17
2021-12,"Banco Regional, S.A.",438.87
2021-12,"Banco S3 Caceis México, S.A.",9.7
2021-12,"Banco Sabadell, S.A.",280.25
2021-12,"Banco Santander México, S.A.",3803.25
2021-12,"Banco Shinhan de México, S.A.",8.24
2021-12,"Banco Ve Por Más, S.A.",210.19
2021-12,"Bancoppel, S.A.",366.12
2021-12,"Bank Of America México, S.A.",164.6
2021-12,"Bank Of China México, S.A.",2.94
2021-12,"Bankaool, S.A.",20.27
2021-12,"Bansí, S.A.",82.59
2021-12,"Barclays Bank México, S.A.",21.62
2021-12,"Bbva México, S.A.",6391.49
2021-12,"Bnp Paribas México, S.A.",0.0
2021-12,"Cibanco, S.A.",154.33
2021-12,"Consubanco, S.A.",33.83
2021-12,"Deutsche Bank México, S.A.",0.0
2021-12,"Fundación Dondé Banco, S.A.",0.18
2021-12,"Hsbc México, S.A.",2149.94
2021-12,"Industrial And Commercial Bank Of China México, S.A.",14.6
2021-12,"Intercam Banco, S.A.",84.97
2021-12,"Kptl México Bank, S.A.",15.22
2021-12,"Mizuho Bank México, S.A.",16.77
2021-12,"Mufg Bank México, S.A.",111.32
2021-12,"Scotiabank Inverlat, S.A.",1919.78
2021-12,"Ualá, S.A.",16.29
2021-12,"Volkswagen Bank, S.A.",7.77
2022-12,"American Express Bank (México), S.A.",0.01
2022-12,"Banca Afirme, S.A.",303.98
2022-12,"Banca Mifel, S.A.",284.11
2022-12,"Banco Actinver, S.A.",137.45
2022-12,"Banco Azteca, S.A.",805.1
2022-12,"Banco Bancrea, S.A.",94.67
2022-12,"Banco Banfeliz, S.A.",1.63
2022-12,"Banco Base, S.A.",98.64
2022-12,"Banco Compartamos, S.A.",87.91
2022-12,"Banco Covalto, S.A.",8.08
2022-12,"Banco Credit Suisse (México), S.A.",24.12
2022-12,"Banco de Inversión Afirme, S.A.",4.03
2022-12,"Banco del Bajío, S.A.",923.08
2022-12,"Banco Inbursa, S.A.",1211.01
2022-12,"Banco Inmobiliario Mexicano, S.A.",30.99
2022-12,"Banco Invex, S.A.",122.7
2022-12,"Banco J.P. Morgan, S.A.",250.98
2022-12,"Banco Keb Hana México, S.A.",12.41
2022-12,"Banco Mercantil del Norte, S.A.",3856.38
2022-12,"Banco Monex, S.A.",229.83
2022-12,"Banco Multiva, S.A.",241.55
2022-12,"Banco Nacional de México, S.A.",3872.88
2022-12,"Banco Pagatodo, S.A.",0.13
2022-12,"Banco Regional, S.A.",510.16
2022-12,"Banco S3 Caceis México, S.A.",10.03
2022-12,"Banco Sabadell, S.A.",311.59
2022-12,"Banco Santander México, S.A.",3979.66
2022-12,"Banco Shinhan de México, S.A.",12.39
2022-12,"Banco Ve Por Más, S.A.",210.68
2022-12,"Bancoppel, S.A.",408.04
2022-12,"Bank Of America México, S.A.",200.49
2022-12,"Bank Of China México, S.A.",7.96
2022-12,"Bankaool, S.A.",21.57
2022-12,"Bansí, S.A.",92.89
2022-12,"Barclays Bank México, S.A.",24.77
2022-12,"Bbva México, S.A.",7025.45
2022-12,"Bnp Paribas México, S.A.",1.16
2022-12,"Cibanco, S.A.",183.98
2022-12,"Consubanco, S.A.",46.27
2022-12,"Deutsche Bank México, S.A.",0.0
2022-12,"Fundación Dondé Banco, S.A.",0.07
2022-12,"Hsbc México, S.A.",2197.25
2022-12,"Industrial And Commercial Bank Of China México, S.A.",16.98
2022-12,"Intercam Banco, S.A.",108.99
2022-12,"Kptl México Bank, S.A.",18.47
2022-12,"Mizuho Bank México, S.A.",14.18
2022-12,"Mufg Bank México, S.A.",126.94
2022-12,"Scotiabank Inverlat, S.A.",2017.76
2022-12,"Ualá, S.A.",12.25
2022-12,"Volkswagen Bank, S.A.",3.71
2023-12,"American Express Bank (México), S.A.",0.0
2023-12,"Banca Afirme, S.A.",341.35
2023-12,"Banca Mifel, S.A.",314.41
2023-12,"Banco Actinver, S.A.",142.29
2023-12,"Banco Azteca, S.A.",862.48
2023-12,"Banco Bancrea, S.A.",121.92
2023-12,"Banco Banfeliz, S.A.",0.72
2023-12,"Banco Base, S.A.",112.73
2023-12,"Banco Compartamos, S.A.",100.15
2023-12,"Banco Covalto, S.A.",14.28
2023-12,"Banco Credit Suisse (México), S.A.",4.99
2023-12,"Banco de Inversión Afirme, S.A.",3.83
2023-12,"Banco del Bajío, S.A.",1002.59
2023-12,"Banco Inbursa, S.A.",1353.32
2023-12,"Banco Inmobiliario Mexicano, S.A.",36.39
2023-12,"Banco Invex, S.A.",156.36
2023-12,"Banco J.P. Morgan, S.A.",302.07
2023-12,"Banco Keb Hana México, S.A.",13.57
2023-12,"Banco Mercantil del Norte, S.A.",4291.74
2023-12,"Banco Monex, S.A.",262.29
2023-12,"Banco Multiva, S.A.",302.94
2023-12,"Banco Nacional de México, S.A.",3825.75
2023-12,"Banco Pagatodo, S.A.",0.87
2023-12,"Banco Regional, S.A.",596.66
2023-12,"Banco S3 Caceis México, S.A.",9.61
2023-12,"Banco Sabadell, S.A.",348.97
2023-12,"Banco Santander México, S.A.",4325.88
2023-12,"Banco Shinhan de México, S.A.",13.08
2023-12,"Banco Ve Por Más, S.A.",230.52
2023-12,"Bancoppel, S.A.",443.73
2023-12,"Bank Of America México, S.A.",249.03
2023-12,"Bank Of China México, S.A.",10.41
2023-12,"Bankaool, S.A.",24.4
2023-12,"Bansí, S.A.",98.66
2023-12,"Barclays Bank México, S.A.",29.65
2023-12,"Bbva México, S.A.",7226.66
2023-12,"Bnp Paribas México, S.A.",1.39
2023-12,"Cibanco, S.A.",164.39
2023-12,"Consubanco, S.A.",68.25
2023-12,"Deutsche Bank México, S.A.",0.0
2023-12,"Fundación Dondé Banco, S.A.",0.25
2023-12,"Hsbc México, S.A.",2263.5
2023-12,"Industrial And Commercial Bank Of China México, S.A.",22.42
2023-12,"Intercam Banco, S.A.",123.4
2023-12,"Kptl México Bank, S.A.",15.46
2023-12,"Mizuho Bank México, S.A.",19.46
2023-12,"Mufg Bank México, S.A.",108.61
2023-12,"Scotiabank Inverlat, S.A.",2204.13
2023-12,"Ualá, S.A.",11.35
2023-12,"Volkswagen Bank, S.A.",0.37
2024-12,"Banca Afirme, S.A.",342.69
2024-12,"Banca Mifel, S.A.",337.75
2024-12,"Banco Actinver, S.A.",150.64
2024-12,"Banco Azteca, S.A.",862.88
2024-12,"Banco Bancrea, S.A.",144.87
2024-12,"Banco Banfeliz, S.A.",0.77
2024-12,"Banco Base, S.A.",125.84
2024-12,"Banco Bineo, S.A.",0.0
2024-12,"Banco Citi México, S.A.",143.26
2024-12,"Banco Compartamos, S.A.",132.27
2024-12,"Banco Covalto, S.A.",18.01
2024-12,"Banco Credit Suisse (México), S.A.",0.36
2024-12,"Banco de Inversión Afirme, S.A.",3.92
2024-12,"Banco del Bajío, S.A.",1101.21
2024-12,"Banco Inbursa, S.A.",1606.72
2024-12,"Banco Inmobiliario Mexicano, S.A.",46.5
2024-12,"Banco Invex, S.A.",177.96
2024-12,"Banco J.P. Morgan, S.A.",296.72
2024-12,"Banco Keb Hana México, S.A.",11.81
2024-12,"Banco Mercantil del Norte, S.A.",4742.7
2024-12,"Banco Monex, S.A.",276.26
2024-12,"Banco Multiva, S.A.",322.52
2024-12,"Banco Nacional de México, S.A.",3867.14
2024-12,"Banco Pagatodo, S.A.",0.13
2024-12,"Banco Regional, S.A.",662.03
2024-12,"Banco S3 Caceis México, S.A.",8.74
2024-12,"Banco Sabadell, S.A.",331.03
2024-12,"Banco Santander México, S.A.",4528.97
2024-12,"Banco Shinhan de México, S.A.",15.32
2024-12,"Banco Ve Por Más, S.A.",241.92
2024-12,"Bancoppel, S.A.",516.5
2024-12,"Bank Of America México, S.A.",410.41
2024-12,"Bank Of China México, S.A.",19.8
2024-12,"Bankaool, S.A.",35.14
2024-12,"Bansí, S.A.",100.72
2024-12,"Barclays Bank México, S.A.",29.44
2024-12,"Bbva México, S.A.",7897.15
2024-12,"Bnp Paribas México, S.A.",0.54
2024-12,"Cibanco, S.A.",189.73
2024-12,"Consubanco, S.A.",89.06
2024-12,"Fundación Dondé Banco, S.A.",2.49
2024-12,"Hsbc México, S.A.",2550.2
2024-12,"Industrial And Commercial Bank Of China México, S.A.",31.49
2024-12,"Intercam Banco, S.A.",142.51
2024-12,"Kptl México Bank, S.A.",27.23
2024-12,"Mizuho Bank México, S.A.",24.42
2024-12,"Mufg Bank México, S.A.",109.56
2024-12,"Openbank México, S.A.",0.0
2024-12,"Scotiabank Inverlat, S.A.",2373.68
2024-12,"Ualá, S.A.",17.37
2024-12,"Volkswagen Bank, S.A.",6.08
2025-12,"Banca Afirme, S.A.",336.8
2025-12,"Banca Mifel, S.A.",402.97
2025-12,"Banco Actinver, S.A.",167.84
2025-12,"Banco Azteca, S.A.",960.18
2025-12,"Banco Bancrea, S.A.",180.95
2025-12,"Banco Banfeliz, S.A.",0.96
2025-12,"Banco Base, S.A.",131.53
2025-12,"Banco Bineo, S.A.",0.04
2025-12,"Banco Citi México, S.A.",1422.8
2025-12,"Banco Compartamos, S.A.",163.17
2025-12,"Banco Covalto, S.A.",31.22
2025-12,"Banco Credit Suisse (México), S.A.",0.0
2025-12,"Banco de Inversión Afirme, S.A.",2.54
2025-12,"Banco del Bajío, S.A.",1212.86
2025-12,"Banco Inbursa, S.A.",1760.17
2025-12,"Banco Inmobiliario Mexicano, S.A.",55.35
2025-12,"Banco Invex, S.A.",221.24
2025-12,"Banco J.P. Morgan, S.A.",325.17
2025-12,"Banco Keb Hana México, S.A.",14.51
2025-12,"Banco Mercantil del Norte, S.A.",5105.02
2025-12,"Banco Monex, S.A.",341.68
2025-12,"Banco Multiva, S.A.",404.45
2025-12,"Banco Nacional de México, S.A.",2970.15
2025-12,"Banco Pagatodo, S.A.",0.85
2025-12,"Banco Regional, S.A.",729.49
2025-12,"Banco S3 Caceis México, S.A.",10.65
2025-12,"Banco Sabadell, S.A.",479.59
2025-12,"Banco Santander México, S.A.",4793.4
2025-12,"Banco Shinhan de México, S.A.",19.11
2025-12,"Banco Ve Por Más, S.A.",267.63
2025-12,"Bancoppel, S.A.",566.84
2025-12,"Bank Of America México, S.A.",460.55
2025-12,"Bank Of China México, S.A.",15.09
2025-12,"Bankaool, S.A.",59.29
2025-12,"Bansí, S.A.",119.17
2025-12,"Barclays Bank México, S.A.",19.26
2025-12,"Bbva México, S.A.",8867.23
2025-12,"Bnp Paribas México, S.A.",0.66
2025-12,"Cibanco, S.A.",128.73
2025-12,"Consubanco, S.A.",120.28
2025-12,"Fundación Dondé Banco, S.A.",7.69
2025-12,"Hey Banco, S.A.",0.0
2025-12,"Hsbc México, S.A.",2551.92
2025-12,"Industrial And Commercial Bank Of China México, S.A.",42.21
2025-12,"Intercam Banco, S.A.",92.98
2025-12,"Kptl México Bank, S.A.",107.71
2025-12,"Mizuho Bank México, S.A.",36.24
2025-12,"Mufg Bank México, S.A.",115.79
2025-12,"Openbank México, S.A.",17.57
2025-12,"Revolut Bank, S.A.",0.01
2025-12,"Scotiabank Inverlat, S.A.",2376.17
2025-12,"Ualá, S.A.",22.02
2025-12,"Volkswagen Bank, S.A.",15.79
2026-12,"Banca Afirme, S.A.",27.57
2026-12,"Banca Mifel, S.A.",38.63
2026-12,"Banco Actinver, S.A.",14.71
2026-12,"Banco Azteca, S.A.",79.24
2026-12,"Banco Bancrea, S.A.",16.81
2026-12,"Banco Banfeliz, S.A.",0.1
2026-12,"Banco Base, S.A.",9.8
2026-12,"Banco Bineo, S.A.",0.01
2026-12,"Banco Citi México, S.A.",126.95
2026-12,"Banco Compartamos, S.A.",15.13
2026-12,"Banco Covalto, S.A.",2.86
2026-12,"Banco Credit Suisse (México), S.A.",0.0
2026-12,"Banco de Inversión Afirme, S.A.",0.18
2026-12,"Banco del Bajío, S.A.",104.84
2026-12,"Banco Inbursa, S.A.",154.22
2026-12,"Banco Inmobiliario Mexicano, S.A.",4.74
2026-12,"Banco Invex, S.A.",19.88
2026-12,"Banco J.P. Morgan, S.A.",28.07
2026-12,"Banco Keb Hana México, S.A.",0.86
2026-12,"Banco Mercantil del Norte, S.A.",444.07
2026-12,"Banco Monex, S.A.",33.95
2026-12,"Banco Multiva, S.A.",39.23
2026-12,"Banco Nacional de México, S.A.",260.59
2026-12,"Banco Pagatodo, S.A.",0.31
2026-12,"Banco Regional, S.A.",64.18
2026-12,"Banco S3 Caceis México, S.A.",0.72
2026-12,"Banco Sabadell, S.A.",41.61
2026-12,"Banco Santander México, S.A.",416.1
2026-12,"Banco Shinhan de México, S.A.",1.17
2026-12,"Banco Ve Por Más, S.A.",25.33
2026-12,"Bancoppel, S.A.",46.26
2026-12,"Bank Of America México, S.A.",33.59
2026-12,"Bank Of China México, S.A.",0.47
2026-12,"Bankaool, S.A.",4.8
2026-12,"Bansí, S.A.",9.2
2026-12,"Barclays Bank México, S.A.",2.18
2026-12,"Bbva México, S.A.",781.37
2026-12,"Bnp Paribas México, S.A.",0.0
2026-12,"Consubanco, S.A.",10.56
2026-12,"Fundación Dondé Banco, S.A.",0.8
2026-12,"Hey Banco, S.A.",0.0
2026-12,"Hsbc México, S.A.",211.68
2026-12,"Industrial And Commercial Bank Of China México, S.A.",4.02
2026-12,"Intercam Banco, S.A.",0.0
2026-12,"Kptl México Bank, S.A.",19.81
2026-12,"Mizuho Bank México, S.A.",3.03
2026-12,"Mufg Bank México, S.A.",10.43
2026-12,"Openbank México, S.A.",5.93
2026-12,"Revolut Bank, S.A.",0.02
2026-12,"Scotiabank Inverlat, S.A.",196.45
2026-12,"Ualá, S.A.",1.76
2026-12,"Volkswagen Bank, S.A.",1.5
